{"cameraMode":{"drawMode":0,"name":"Shaded","section":"Shading Mode"},"sceneLighting":false,"audioPlay":false,"sceneViewState":{"m_AlwaysRefresh":false,"showFog":false,"showSkybox":false,"showFlares":false,"showImageEffects":false,"showParticleSystems":false,"showVisualEffectGraphs":true,"m_FxEnabled":true},"in2DMode":false,"pivot":{"x":0.00004845857620239258,"y":0.8209644556045532,"z":0.013475783169269562},"rotation":{"x":-0.006764992605894804,"y":-0.9732323884963989,"z":-0.028905492275953294,"w":0.22798624634742738},"size":1.2800196409225464,"orthographic":false}