{"cameraMode":{"drawMode":0,"name":"Shaded","section":"Shading Mode"},"sceneLighting":false,"audioPlay":false,"sceneViewState":{"m_AlwaysRefresh":false,"showFog":false,"showSkybox":false,"showFlares":false,"showImageEffects":false,"showParticleSystems":false,"showVisualEffectGraphs":true,"m_FxEnabled":true},"in2DMode":false,"pivot":{"x":0.02091240882873535,"y":0.35898715257644656,"z":0.023585766553878785},"rotation":{"x":0.03740832209587097,"y":-0.5856166481971741,"z":-0.027068257331848146,"w":-0.8092860579490662},"size":1.255403757095337,"orthographic":false}